class,FID,KID_mean,KID_std,MMD_RBF,Sliced_Wasserstein,KL_Gauss
The_Eiffel_Tower,183.31473786440097,0.09562709808349609,0.010639085354650012,0.11680394411087036,0.3521572654928855,21594508.658794995
The_Great_Wall_of_China,221.28872243569884,0.10956407070159913,0.011980738182455262,0.13724935054779053,0.36517728315382425,35391516.4739191
The_Mona_Lisa,193.64151066543656,0.06812836885452271,0.007929473526653002,0.07380646467208862,0.24277636981344258,39924069.95507621
aircraft_carrier,270.43525520160847,0.20945870399475097,0.019674442722731795,0.28235357999801636,0.382135673729062,44989662.85940329
airplane,230.91469472518008,0.14939066171646118,0.0147659316358076,0.22414237260818481,0.2739319495364515,57849204.14691229
alarm_clock,193.95971161564515,0.1073452377319336,0.013526000626913719,0.1453654170036316,0.3812258455856304,19784209.893572576
ambulance,151.37995500980162,0.09177845001220702,0.012750548216052402,0.16008532047271729,0.3294631837592422,19261621.30620347
angel,350.7439340721134,0.1810714554786682,0.013958170062442387,0.16096335649490356,0.3828037184020958,99605006.4229206
animal_migration,241.66494432821827,0.140705623626709,0.02012814117822446,0.10866570472717285,0.2985943776104165,33471381.79548907
ant,259.19939085250377,0.20651644706726074,0.017098986236608802,0.319801390171051,0.3339941165100146,48629189.96611779
anvil,214.85362889963307,0.08322228908538819,0.006305836370576157,0.08782714605331421,0.3113608429391349,43360504.51207061
apple,326.77937584885126,0.2826904010772705,0.01175882971078486,0.4235472083091736,0.27605277756645213,121339282.90918824
arm,313.5082481790881,0.1373162293434143,0.007361561617915596,0.14329731464385986,0.4251333412538426,67382267.70648055
asparagus,377.9611006844603,0.20816983938217162,0.010930279988644034,0.18387669324874878,0.5629641118871229,42711802.48867144
axe,253.55849849187928,0.11755034685134888,0.011050635294368024,0.12999165058135986,0.4900746642068052,42300415.31412421
backpack,291.80796269198174,0.20529033422470092,0.010728370823959174,0.26808962225914,0.46998095383500926,38791325.244707
banana,350.2039244677902,0.2833145356178284,0.021906584453989405,0.31287944316864014,0.39007334402515237,63550548.88648825
bandage,325.01508255042677,0.16730620384216308,0.026365902210702043,0.13529837131500244,0.5314147462410123,35880536.21188657
barn,196.96520775427962,0.11880857944488525,0.011514356110122479,0.1547321081161499,0.24605875569229116,43219157.958802134
baseball,133.17619052671267,0.08687446117401124,0.017979581555576,0.17829805612564087,0.1397073548413311,43002454.84779405
baseball_bat,178.97113902732661,0.06841976404190063,0.009231861932278951,0.07831424474716187,0.11866722813499629,51733385.413807735
basket,180.21224799497782,0.0399622917175293,0.006835766322347491,0.03908318281173706,0.42819873785014023,26688756.57897431
basketball,248.74653621634872,0.14388697147369384,0.014278357584755319,0.1774919033050537,0.3681248350011168,52517434.51844861
bat,328.9163815655321,0.1526871132850647,0.007507292381310867,0.1525668501853943,0.5670531071305618,53529782.021708146
bathtub,274.36867620311216,0.18471508502960204,0.014067860692546506,0.21744388341903687,0.39599300121563025,36719090.64938246
beach,209.51851217600588,0.1033510184288025,0.012992241282962424,0.12867683172225952,0.40293111023498607,25732639.684750907
bear,287.89096323305677,0.2137926435470581,0.01251119738465395,0.3322692811489105,0.3498463471617148,47404405.84788078
beard,272.00306413753896,0.16430891513824464,0.010334392386135515,0.1740182638168335,0.4014693700805223,27400651.569472812
bed,191.00715658877604,0.11827855348587037,0.01129278742170697,0.16980260610580444,0.3157620075621433,19904604.175773896
bee,217.02314284174204,0.1464547896385193,0.019564495616517564,0.18453621864318848,0.2867007705022589,22060394.29804827
belt,178.72970371102025,0.03359671115875244,0.0068688464790642,0.03180348873138428,0.41655712089607333,21188250.104877707
bench,252.19572732770735,0.11125779628753663,0.008578582031999188,0.11585599184036255,0.5227006685605392,24665896.36682585
bicycle,113.60791503770125,0.04671482086181641,0.007541241455210846,0.08838677406311035,0.3993401948879208,8622232.090960026
binoculars,245.4455179024743,0.2000192880630493,0.02332416958928378,0.22684431076049805,0.25599277563458683,45373274.07163644
bird,171.65642312393072,0.10067435503005981,0.00975631852209022,0.13397544622421265,0.2732922291530817,16523075.794232411
birthday_cake,163.42664248627756,0.045917625427246096,0.007342899726734848,0.04390233755111694,0.23113294651721705,30359301.835930042
blackberry,278.9813305702422,0.15841917037963868,0.014950526471932396,0.18948668241500854,0.413698948045862,33602097.545661286
blueberry,206.9819435981964,0.06100181579589844,0.007650764428625164,0.05806642770767212,0.4276657508861955,18695612.66549079
book,184.619503044738,0.040049488544464114,0.0056134422447154395,0.03573501110076904,0.43694957463250134,12516295.462935595
boomerang,195.85675077627744,0.035573017597198484,0.004903353085443864,0.029012978076934814,0.49066656688129323,16098011.246232586
bottlecap,169.92252140150237,0.0307332706451416,0.007989167259295035,0.0359916090965271,0.4825745302757773,14255248.66682386
bowtie,137.37785973461303,0.054995489120483396,0.016151227616762704,0.08085107803344727,0.2903521108562523,21120527.512192342
bracelet,100.12044044471551,0.014824271202087402,0.0045908852000398495,0.017561674118041992,0.2759712749102455,14771120.910376223
brain,214.20052158302792,0.04328494310379028,0.004820115568287948,0.043878257274627686,0.5460549103933539,15821054.10216326
bread,223.58393390088042,0.11137324571609497,0.013661754883220294,0.12114185094833374,0.35897886935282197,25487403.685645886
bridge,242.9825755165204,0.0770832371711731,0.01060199513319396,0.07558703422546387,0.535069184928269,23487387.207046628
broccoli,352.2269170114655,0.3560119366645813,0.038312477164640514,0.3477320075035095,0.4335417291127897,30959737.98554729
broom,192.38721514449566,0.1163026213645935,0.018196301037438644,0.1353263258934021,0.35433550079077464,21513246.775620297
bucket,118.25550135218097,0.025455591678619386,0.0048677600357378,0.029512107372283936,0.2556546717170738,23314598.02394186
bulldozer,172.57517481170498,0.09888568639755249,0.014535732574147033,0.13374027609825134,0.3431102219014254,19157730.546782922
bus,150.97883818361055,0.08328677892684937,0.01094751840299733,0.12555372714996338,0.38554942176271306,13501549.381589651
bush,320.786426484712,0.11511260747909546,0.012087319411737917,0.08970862627029419,0.21351967205598066,103749314.29118752
butterfly,161.40395755258825,0.08057372808456421,0.010731341386810008,0.12550294399261475,0.35099147586658974,15895964.224425597
cactus,249.49395693954585,0.10412745714187623,0.010527697882615423,0.09647911787033081,0.47419606383329743,22320009.125526175
cake,223.11114072960163,0.07210070610046387,0.007033711961860427,0.06814122200012207,0.48393226737064765,18050941.890127342
calculator,204.68444235803847,0.12066409349441529,0.01653694588960118,0.13545608520507812,0.3968276533966502,33375271.185226377
calendar,160.8260301650981,0.04768548011779785,0.014018379818661655,0.03892624378204346,0.29561362123704216,36673324.32222042
camel,180.6873382935138,0.11881948232650758,0.018886370459292444,0.17351800203323364,0.30371146916907193,22464679.569772583
camera,198.41297848910435,0.07789826154708862,0.011794775388125487,0.09688460826873779,0.42940426599001597,25200239.072456397
camouflage,299.794881918443,0.17436685800552368,0.0206319851797236,0.1524387001991272,0.2388398934671139,75759168.12296882
campfire,240.12677346872974,0.12452873468399048,0.013331981188270453,0.12294787168502808,0.4059025491247346,24480978.206580862
candle,186.88533316033318,0.07792696237564087,0.011218291588710839,0.0948629379272461,0.3512844480585712,25293632.144508243
cannon,171.93611397244356,0.08331684112548828,0.015023980892914164,0.10500591993331909,0.2805396391965118,33763328.131274424
canoe,249.0757611856264,0.15524963140487671,0.015666250107365356,0.21464690566062927,0.47040841887794266,23652866.539702177
car,195.59407314204918,0.11523773670196533,0.010861793267476215,0.1652044653892517,0.3343763064812598,23582826.73541462
carrot,309.2046839367148,0.1442125153541565,0.010755965814138244,0.1397191286087036,0.5401194844682607,27104965.03581618
castle,267.87343665401204,0.17955578565597535,0.015033293770745927,0.23423385620117188,0.46723482503690156,26017710.563311856
cat,295.3783403590641,0.19440343141555785,0.008058463106406486,0.2451331615447998,0.5540032692148424,20873048.844401952
ceiling_fan,215.13155384655835,0.0872696852684021,0.015650300260399916,0.07374078035354614,0.4436913106225014,42366162.30854008
cell_phone,211.3479875095162,0.043757457733154294,0.005702939244787068,0.044345855712890625,0.5580799460169278,21617360.414041292
cello,175.5917429527551,0.13779815912246704,0.017213010596416063,0.21721136569976807,0.28769661355862663,22267838.926972225
chair,116.96602121064106,0.03195561647415161,0.0047585671209871986,0.05003172159194946,0.2768485078545288,24322242.40954015
chandelier,185.28541349338397,0.07534626960754394,0.0070073543008040895,0.07342344522476196,0.2644103245236789,32093071.192271303
church,174.321700340471,0.06810530662536621,0.0077241336695420895,0.08693808317184448,0.48229466898126383,15166863.593224991
circle,136.5484671788611,0.020229809284210205,0.004101800677510143,0.02003723382949829,0.13541452385445688,35354066.103541926
clarinet,114.69045419319995,0.040461521148681644,0.012196417862688113,0.0599362850189209,0.20401871942538607,22064839.69684069
clock,92.48914662337371,0.014916720390319825,0.0036404917658772323,0.02205955982208252,0.3942687480688802,8490235.181542542
cloud,259.42485830691123,0.17871383666992188,0.024455095020167978,0.21683210134506226,0.2635060412366088,41421553.0525597
coffee_cup,118.13675602123948,0.056481857299804684,0.010763387722850303,0.08121752738952637,0.21054591489818536,15617949.312385721
compass,91.01533270147856,0.024254035949707032,0.007325917480026509,0.03286701440811157,0.15951841228366426,20192595.390400283
computer,136.3138923708102,0.0752560830116272,0.010904437869614607,0.10641437768936157,0.16782318629488344,28149195.609116346
cookie,240.8082247431324,0.10261193752288818,0.01164518398270729,0.09520792961120605,0.4705306782294272,21494287.15730027
cooler,166.25197581288404,0.05076876401901245,0.0073498693568415045,0.057683706283569336,0.2933554933522597,28938277.85259356
couch,297.1921334831331,0.21829162836074828,0.014520075734867074,0.28433531522750854,0.2937504394957301,40366528.476556264
cow,244.76860247168509,0.18944622039794923,0.014021703394072247,0.24955403804779053,0.3356564324250372,26788837.75644631
crab,259.1762193701199,0.18174813508987428,0.012412819030344885,0.25061893463134766,0.4168692063785636,20961543.747128528
crayon,194.63543058761118,0.0488548469543457,0.005652756383416013,0.0468062162399292,0.38870665797106707,24180043.857991856
crocodile,299.0520719041638,0.25209951877593995,0.01474608183982039,0.3386896848678589,0.36836667492321473,27708208.607901968
crown,138.0103588439022,0.021013746261596678,0.004906609184902434,0.017421245574951172,0.10813313395458303,41631007.50138636
cruise_ship,206.339878735298,0.14598609685897826,0.02131746482354204,0.21492576599121094,0.2978116012010935,29349504.314195346
cup,140.86479984604608,0.03174770355224609,0.005249814117540705,0.03694576025009155,0.30466086821758176,25131669.37120681
diamond,188.3807576857606,0.05851279973983765,0.007359603542379208,0.05421727895736694,0.33952765164684684,25063501.52216004
dishwasher,206.11019265347687,0.08534775257110595,0.011659985597700323,0.0955195426940918,0.3808296749929865,30346722.523445673
diving_board,195.81501077845695,0.07336484670639037,0.009203853248508516,0.07284742593765259,0.37031202181717976,21612121.061264955
dog,273.3899660540111,0.16143028259277345,0.00663916143827934,0.20976489782333374,0.5218083585071139,25895393.98008308
dolphin,256.7577107142496,0.19653716087341308,0.011044772615041736,0.2817017734050751,0.39512299698840386,24371349.846694414
donut,202.52919699624636,0.10819553613662719,0.012431081147129009,0.12608963251113892,0.3873169809962616,18178293.990117155
door,165.5410862960619,0.03696647882461548,0.00654394031084297,0.034288108348846436,0.39535015049278394,23560355.461901866
dragon,214.68138805654274,0.11023895978927613,0.0116394121371382,0.13980591297149658,0.4417666009040482,15792796.942914998
dresser,196.26560544351565,0.09229331493377685,0.010585497411729764,0.148297518491745,0.3184196990263404,43305939.21214134
drill,176.15016143684701,0.056645214557647705,0.007844391192654787,0.06937116384506226,0.358869040539913,24416673.550563812
drums,218.87927955413312,0.1499481749534607,0.013949636268540887,0.2095291018486023,0.3197849676907685,23458642.04137036
duck,201.23161293334346,0.11962025403976441,0.014319888437273205,0.1736205816268921,0.30268933140106224,27361254.807456627
dumbbell,186.08802867693703,0.13056533813476562,0.02046592411063803,0.11965900659561157,0.23020839181963332,25642681.662137836
ear,239.06994782097624,0.08438016414642334,0.01058353486971974,0.08393728733062744,0.3810644111211018,35695360.73357296
elbow,201.3596181400012,0.053921854496002196,0.006733671461271108,0.053526341915130615,0.25809616784731815,36429769.94354754
elephant,298.11323841568185,0.2551520085334778,0.02026499100429166,0.3555147349834442,0.38674589286602445,24302170.63865079
envelope,172.2324828221565,0.05264527082443237,0.008955238704007348,0.05579078197479248,0.381303269907692,17659422.109572235
eraser,167.7412313942108,0.04053676605224609,0.007546916247837279,0.03818744421005249,0.2989495058370218,30437648.82723498
eye,285.7340031463632,0.1219457745552063,0.010944439383235822,0.10920578241348267,0.4908726702789328,21867288.191954825
eyeglasses,141.37533923885007,0.049386742115020754,0.010894850814109338,0.07518661022186279,0.2940365522648841,19833501.366911642
face,295.53193385982274,0.17910155057907104,0.013375356032529252,0.19564759731292725,0.5601523356241352,20256357.77760412
fan,121.10283257297826,0.021159868240356445,0.007103538975040754,0.020252346992492676,0.3193757545413705,18587789.17702344
feather,116.47307921759483,0.03223699569702149,0.009829646973289833,0.03884166479110718,0.2155641515934322,20986557.117281437
fence,207.40662809323084,0.08220752716064453,0.00829501414460283,0.09000122547149658,0.3864647629456499,19130731.457127757
finger,221.11145024088654,0.08059793472290039,0.010612953362956177,0.07830780744552612,0.4277435693311097,18932359.30142152
fire_hydrant,181.36294208392198,0.06869263172149659,0.009033051214223762,0.07435363531112671,0.3628016348292679,21067696.18131367
fireplace,166.62412484015525,0.06856769561767578,0.010579700177611024,0.08540403842926025,0.38621499047896235,19969729.23755628
firetruck,112.17893632010974,0.04132459163665771,0.010901825797807668,0.05555504560470581,0.28146375243686755,14870339.341165949
fish,253.62276435024995,0.1461477756500244,0.009258183635086629,0.19203531742095947,0.33516298609640616,32261144.44315964
flamingo,140.6028311176362,0.0827357816696167,0.013547590136837179,0.12172144651412964,0.22811956066199612,19363498.554585002
flashlight,158.04610581007645,0.06757052183151245,0.007570704127520859,0.08409035205841064,0.23509683795243402,29379107.431774378
flip_flops,161.30951067568597,0.0711628794670105,0.010891995589302268,0.08750587701797485,0.3198494974700473,19946581.927737523
floor_lamp,115.31714893530705,0.016111068725585938,0.003218902115209432,0.020489931106567383,0.13929208000211843,30580647.949460518
flower,208.51860813480715,0.11760708093643188,0.009741286270431472,0.14578241109848022,0.19808297412156647,33572598.61962134
flying_saucer,158.0201316084892,0.04707892179489136,0.0074266031227385385,0.04409611225128174,0.22568785985040762,28392427.161301233
foot,256.65645855715957,0.08802088499069213,0.009355356122678248,0.08746904134750366,0.4972854198445478,25206857.529196274
fork,103.88479726785192,0.01556887149810791,0.0038555415362202675,0.02145850658416748,0.18922477109828162,23117359.3878597
frog,249.5400458702988,0.2112301468849182,0.018419618352922443,0.31732967495918274,0.34296870211266817,20897347.111863714
frying_pan,176.82185547642374,0.120648934841156,0.0187749786883547,0.14994698762893677,0.2581356703233168,29839693.576768056
garden,277.1122277147042,0.13164087533950805,0.008673491438185051,0.14742475748062134,0.5579414578439157,18045133.74741126
garden_hose,194.1772125331642,0.048399319648742674,0.0065657885154560315,0.04694032669067383,0.4030780632823247,24852656.19707518
giraffe,209.9795315706479,0.1310723042488098,0.012269552337206165,0.18194401264190674,0.3503598809938359,23829347.284709338
goatee,259.8297161704968,0.1470845913887024,0.011959980994984194,0.1555919051170349,0.28990021120798926,36263066.10895313
golf_club,269.6715663943727,0.1595943331718445,0.00976005065505115,0.17467176914215088,0.3049145537846139,38709354.96282397
grapes,234.09437363782763,0.09394553184509277,0.010102733424959867,0.08890223503112793,0.5339822184859251,18324791.014675792
grass,236.00851326888017,0.10172620058059692,0.014550166743939497,0.1000792384147644,0.3513668004411895,39011715.988003254
guitar,88.30001801675895,0.025127549171447754,0.005834045079981756,0.03638690710067749,0.3045595290707508,10671044.715476377
hamburger,221.90210809662995,0.16498385906219482,0.021402122962747062,0.20018088817596436,0.30418165001832526,27365610.078183893
hammer,128.5596893864398,0.031198928356170653,0.005964261597631612,0.0402146577835083,0.26058232843664636,25362716.343945127
hand,246.06033311151174,0.08062211990356445,0.009556411462967056,0.07670563459396362,0.4896106187474527,19830910.380759668
harp,129.35123309108297,0.1428957176208496,0.03984568987716523,0.09946024417877197,0.26556767022978833,11242485.566754382
hat,254.2423586368921,0.1108673357963562,0.02586263826075878,0.07298189401626587,0.44434598540466713,26676693.90796171
headphones,139.98668244218467,0.04791535139083862,0.00584886056794788,0.057256877422332764,0.23659107249645836,25038568.55002427
hedgehog,243.87225848100945,0.18908488273620605,0.017237985327110107,0.2664278745651245,0.35922361067353603,27040695.9763597
helicopter,176.8169313904196,0.07630010604858399,0.010290616721037107,0.0999835729598999,0.38149113960876546,15847998.989054188
helmet,146.452346456552,0.05790113687515259,0.009202031407184837,0.08449417352676392,0.34168245703883937,16596934.093769934
hexagon,127.81691864127575,0.013253967761993408,0.003495689375705614,0.010925114154815674,0.3628229723082488,15287239.623942306
hockey_puck,145.14026575939678,0.04127385854721069,0.009561080603401093,0.040435075759887695,0.25310462420569857,25378554.149328478
hockey_stick,136.90214255254094,0.032787814140319824,0.006528213342829619,0.030715107917785645,0.3010950636098629,23274989.05873176
horse,205.44022066780713,0.1423114013671875,0.013950860019455967,0.20750755071640015,0.29219690651005886,23916894.772032622
hospital,292.58160745654476,0.13277392148971556,0.0141414073626973,0.11273854970932007,0.49898965794879274,21112745.396636367
hot_air_balloon,127.27692445355825,0.08678471565246582,0.01252986429970882,0.184858500957489,0.24471754480390706,11438997.041547704
hot_dog,353.1435436658033,0.25213366508483886,0.01762116379478089,0.2779613733291626,0.5403023881389815,31384617.27896513
hot_tub,287.1176240198814,0.2031523561477661,0.01692984362362054,0.19710570573806763,0.4391606872516451,24156882.313462824
hourglass,110.55348250596049,0.058927257061004636,0.010858193274306722,0.14277946949005127,0.20931077939908596,24120801.581584472
house,267.5322273386633,0.16490689754486085,0.011124340513102658,0.179521381855011,0.3597952766290375,40968258.20295213
house_plant,243.97430209847062,0.07149563550949097,0.00870892004707545,0.062153398990631104,0.6033143804293739,23707240.07754114
hurricane,320.1227111799873,0.1428239893913269,0.01069707045783205,0.1262127161026001,0.42760533786009497,49351159.261570126
ice_cream,254.19882825944185,0.1327854013442993,0.011913855881920135,0.12804317474365234,0.396151941850612,26605962.95475835
jacket,205.3427093366712,0.08755198478698731,0.007831840356970602,0.1121944785118103,0.3661770626951675,34262429.18658095
jail,273.3283608301565,0.09967350006103516,0.007693936599810497,0.09053343534469604,0.4948853684242733,28201499.536593083
kangaroo,253.64674142816398,0.18750455617904663,0.01091639741196898,0.28111332654953003,0.37381044447582285,23515098.13098438
key,164.24937682923786,0.02487445831298828,0.004206804132626957,0.021300077438354492,0.3663499129442569,27994195.4486545
keyboard,201.65434555675216,0.09088781356811523,0.011167037924548024,0.13293418288230896,0.465267363297188,25701939.953597467
knee,276.93417393437096,0.12770012140274048,0.006520775893660951,0.16239458322525024,0.590355970008331,23716984.781773806
knife,170.2270627141885,0.03201662302017212,0.004904635030234635,0.030178368091583252,0.5406236130491838,14576907.311638437
ladder,211.36703637835402,0.074443519115448,0.008163072904196865,0.08692926168441772,0.4224180743547219,32639297.56176948
lantern,251.22181287356892,0.11408860445022583,0.015372282398896398,0.11200368404388428,0.3553918035332523,27232318.390780296
laptop,173.2107714501272,0.05607440710067749,0.007386031785398518,0.07937294244766235,0.4343957611227873,26912118.209958903
leaf,363.17071954324456,0.12306673049926758,0.010919555052912311,0.09405237436294556,0.729389863091846,18043526.693073135
leg,244.65179723111794,0.09036956787109375,0.009115331216238268,0.10191971063613892,0.5011772974634615,22094202.23425074
light_bulb,305.3171046845515,0.1544568109512329,0.012151788853013297,0.14817237854003906,0.6341974026294543,36528520.47450162
lighter,232.37439439194242,0.09183369636535645,0.010286525375009452,0.08623576164245605,0.5120152951097062,24956094.962378174
lighthouse,188.52679580986091,0.09557537794113159,0.01229625797508039,0.14439475536346436,0.3522799791496688,21420419.506278906
lightning,281.53226837325303,0.1659142804145813,0.01181573274225244,0.18700188398361206,0.35142955821505434,39024354.48424643
line,391.06216866912746,0.14674242734909057,0.013615793028153484,0.10787785053253174,0.4944614836838019,95596624.45318542
lion,304.7281434548566,0.27707002401351927,0.014407590178977362,0.41243159770965576,0.4393098795678896,38040084.85616896
lipstick,210.59905995244668,0.10262827396392822,0.017656159293985393,0.12245792150497437,0.3649253559794085,34246144.19409263
lobster,218.21400331563956,0.15745388746261596,0.01541359300615578,0.22590291500091553,0.3057843638314542,25286281.881311405
lollipop,203.9723706456362,0.04462604284286499,0.005273145340186212,0.03924274444580078,0.5242363427034193,17534376.391668193
mailbox,350.22616912466873,0.24026877403259278,0.011988447734872697,0.2777509093284607,0.7016432068618117,25146907.87801142
map,220.32086993112267,0.06319933652877807,0.005475822337403672,0.06828445196151733,0.5428382273896545,20882581.576753452
marker,221.4668867784435,0.07007183313369751,0.007518745538593765,0.08018499612808228,0.43374072962027294,29086409.534747604
matches,237.70753501707793,0.06756530284881591,0.007170703497316265,0.06933844089508057,0.44988111108858025,39109116.78758821
megaphone,165.02828549539734,0.034813077449798585,0.006776102903528558,0.04171717166900635,0.4649547961955129,12293020.651571156
mermaid,183.9548761422524,0.07196620464324952,0.009092131784092197,0.08562690019607544,0.2709355703341173,24034649.676714074
microphone,169.41351668344598,0.06728100061416625,0.008807433204264033,0.07744312286376953,0.3524417554059736,22596252.356808964
microwave,317.4488278710164,0.22216741800308226,0.01838579525038327,0.23935982584953308,0.556720454386026,40893745.82132123
monkey,264.362042493679,0.2028144884109497,0.011084068251244038,0.2911909818649292,0.40261800564284184,21613337.419688262
moon,277.23186798887104,0.15554907083511352,0.009726342445424847,0.16190409660339355,0.44524207235040897,29442734.556757465
mosquito,217.7744660415642,0.13285922288894653,0.01124074302604821,0.21508637070655823,0.42812137287511215,21442728.509668924
motorbike,223.27475886502995,0.13453088760375975,0.012991577803079152,0.19053179025650024,0.4890113444271274,15786143.841379818
mountain,287.18463984706614,0.14461249828338624,0.011845545186507557,0.17538845539093018,0.49524929029911297,27237337.7975424
mouse,245.78901283331646,0.14430388927459717,0.016429158143269087,0.1809212565422058,0.27660410055250406,51633283.68064987
moustache,209.07702975143317,0.09079970359802246,0.011938783757504404,0.09227854013442993,0.2604693483892901,27329812.93054628
mouth,245.3005889046799,0.07446561098098754,0.009006429262712567,0.06504005193710327,0.42592338051092815,27365019.729832303
mug,158.60234988115923,0.08268340826034545,0.009713734542201168,0.1335512399673462,0.2856841864469882,23159356.356853087
mushroom,263.48761354647354,0.14262706756591798,0.010613243843408546,0.16399085521697998,0.4388648445942061,22612884.458728757
nail,336.15570405176186,0.14029730558395387,0.00861716987828774,0.13277322053909302,0.6071986098862611,31047984.16363022
necklace,162.0812220576056,0.04999222755432129,0.0076483539294981695,0.056262969970703125,0.4511827882557793,16038656.192367058
nose,308.2184653161383,0.12533555030822754,0.009330095839699898,0.11898332834243774,0.47357321835116567,46354349.00213505
ocean,281.9377685310933,0.12979332685470582,0.010039624835785766,0.14613968133926392,0.5315992030039391,30196618.216493726
octagon,291.32796825791627,0.06243943214416504,0.010159197727732506,0.0440637469291687,0.6463442446328412,19382758.552334704
octopus,200.01630864063202,0.10853666543960572,0.008739085131274178,0.13007330894470215,0.38779381452018313,15299461.73843234
onion,283.4728082454438,0.16429051876068115,0.010701171137578753,0.17820489406585693,0.4732261768459199,27612701.465723135
oven,396.4639496035897,0.2673107862472534,0.013600259865596888,0.23868265748023987,0.683355604931446,41658492.811008826
owl,299.07812855949066,0.24158257722854615,0.016507298802131386,0.28121617436408997,0.3913789375732952,23913739.054952607
paint_can,215.51700015271138,0.06151993751525879,0.007046070813680236,0.06506228446960449,0.5114829261366435,18976999.907012705
paintbrush,249.88978212688983,0.054530107975006105,0.007985724716053263,0.05023247003555298,0.5798644851003605,20216073.19274967
palm_tree,289.93151976143525,0.17888068199157714,0.02543889902520161,0.15290462970733643,0.4540117491765157,28070441.192130774
panda,258.3399247008282,0.18367133378982545,0.019852346184677377,0.24057650566101074,0.42405439082025537,21885920.304124467
pants,343.9544901852813,0.18862133264541625,0.012343741380732512,0.19954422116279602,0.5467540437065742,52629331.69191995
paper_clip,127.58493550929973,0.015995275974273682,0.0036670544860420034,0.015172779560089111,0.39333873952663556,10449714.319073536
parachute,164.30850712048937,0.06514936447143554,0.007474987503085125,0.08659601211547852,0.4434416744685822,14507288.921740439
parrot,216.83030830642917,0.1592165994644165,0.012764364377270692,0.26319971680641174,0.4029433142978394,15202541.603755532
passport,240.79517482303584,0.07189496040344238,0.00602098694885294,0.0689932107925415,0.6083994625833342,22603812.6772669
peanut,317.78296694013767,0.1792362427711487,0.010165963203348205,0.18681269884109497,0.46184176460190507,36838421.791680366
pear,261.53779245967,0.15032192707061767,0.012463363202737674,0.17390000820159912,0.4199715739148121,28529317.78938364
peas,330.0002912417222,0.18286152601242064,0.010040041673800647,0.1728782057762146,0.5254741628143158,30715494.53070778
pencil,296.87226188272075,0.13799060344696046,0.01077127507640849,0.13684135675430298,0.5357058740074762,31962887.408035576
penguin,237.00441168039316,0.16445332288742065,0.015453849489524175,0.2275800108909607,0.38985130743922897,18805439.270379163
piano,219.76947664675583,0.07724714517593384,0.012249766271737702,0.06976103782653809,0.6289930484765804,18796478.228375427
pickup_truck,165.7494938495758,0.09425739765167236,0.008477497180513481,0.15659040212631226,0.4025235685264497,15973572.066143895
picture_frame,188.34180329171994,0.040212092399597166,0.004992640947116145,0.0407223105430603,0.2730186597565,42856691.25576635
pig,219.54305369221157,0.1280892848968506,0.016131271298037684,0.16884958744049072,0.43985272438754186,16417449.59951538
pillow,192.01409187628084,0.06845067501068115,0.010636762408875827,0.07971721887588501,0.38221768417530033,24706863.896299634
pineapple,280.93347615283574,0.16931817770004273,0.017404099141025618,0.19663184881210327,0.5080388321777748,19174425.31112451
pizza,303.689087580249,0.21713976860046386,0.009353787059421753,0.27872076630592346,0.44443143762465687,36362497.38545274
pliers,204.86429698238902,0.0662969970703125,0.008753745858108196,0.06980621814727783,0.49634683285816333,26569973.937938236
police_car,149.7675890596458,0.06532539367675781,0.009381821157615086,0.09137994050979614,0.36897527417128323,14445502.409126218
pond,297.63435903980326,0.17449961900711058,0.009797444338217288,0.17884081602096558,0.4729334007877391,26823867.017139543
pool,274.3795546975624,0.16289600610733032,0.009805174915554288,0.16632479429244995,0.43700625075010496,25920278.93453558
popsicle,154.56661841858119,0.06126727819442749,0.010349993402753305,0.054834842681884766,0.28057485817405725,18909379.839157276
postcard,164.01328763988232,0.021877522468566894,0.005039872358368803,0.019133687019348145,0.46315322334570636,16346265.459333574
potato,339.18650397398596,0.2205919146537781,0.013037353767160498,0.2117958664894104,0.4747643094309249,31722229.581717316
power_outlet,256.06810552438617,0.06232766389846802,0.0063494345161175265,0.05192786455154419,0.6537129252815501,15629448.662284274
purse,268.0941597920998,0.10556271076202392,0.009927253911998198,0.12283498048782349,0.5291187025666992,29674734.10112954
rabbit,252.58468394943645,0.1853327226638794,0.01591471378332565,0.28801241517066956,0.4137394208941719,23043335.2551013
raccoon,261.9610095202553,0.20420156478881835,0.011443359848214704,0.3121697008609772,0.32456042021665554,32840880.319680285
radio,247.8821280652863,0.0835875153541565,0.00829319799632508,0.08284860849380493,0.5180906293177798,32743663.61051922
rain,362.4267571153059,0.14105896711349486,0.008423929189522299,0.117237389087677,0.44048710520782547,69659636.28482714
rainbow,226.45733790479056,0.07439074993133545,0.010015881150546233,0.07443362474441528,0.40549658607709216,29626101.328062396
rake,217.00393444366847,0.08761522054672241,0.008201178750688123,0.10477197170257568,0.43705599148989727,26479887.400150076
remote_control,187.85610919546815,0.07157187938690185,0.012708231951872314,0.08198815584182739,0.4097978085620355,24927809.767188102
rhinoceros,244.9839521349737,0.18834200620651245,0.009609795091192485,0.2987953722476959,0.371181661205955,25763608.89785991
rifle,175.37802071235973,0.09384256601333618,0.01443322606731874,0.16117972135543823,0.33746911420818837,26038484.838963643
river,239.27694632101048,0.1261309289932251,0.01080235206510149,0.1366657018661499,0.38089883267935265,29074676.896997027
roller_coaster,217.68839355956527,0.10473305463790894,0.006852731843833602,0.12005013227462769,0.4279294390292206,25543262.40037973
rollerskates,194.80007822904082,0.10875386238098145,0.009591942985755617,0.15488821268081665,0.2867570896258356,31991106.488207415
sailboat,262.52815602242606,0.21309250116348266,0.01406554103912638,0.3183478116989136,0.2891954977920497,43061921.71326504
sandwich,271.8992951441402,0.17869676351547242,0.00980208258336262,0.22267770767211914,0.315291014552032,40742066.3481327
saw,221.48521488786844,0.05971579790115356,0.009146734930165401,0.05273246765136719,0.20454735645757263,64707495.11650128
saxophone,153.11193051607484,0.10503682136535644,0.015252711758515275,0.16390764713287354,0.22665766483024133,25029816.457835175
school_bus,202.01119143133468,0.17914628744125366,0.017015238852514044,0.281638503074646,0.24582132739946466,30066086.377663646
scissors,118.04673431402895,0.033764524459838866,0.005149788308078396,0.04543977975845337,0.28227790157758004,16906941.658440247
scorpion,183.33151021514757,0.13368128538131713,0.015637450336884483,0.2966339886188507,0.254670062706701,31501040.20748213
screwdriver,132.9310412593887,0.05410757541656494,0.008594344046179448,0.0746849775314331,0.22851060355873534,26165646.847853962
sea_turtle,253.15907030813918,0.21157843589782716,0.014060360645140046,0.3469366133213043,0.29481492088751965,37195610.665761106
see_saw,180.21816507580652,0.07476272821426391,0.00884509379986598,0.08325314521789551,0.12776744098367843,43299867.14654282
shark,241.6675485283868,0.19496722221374513,0.015057643532949501,0.3291337490081787,0.2067092289699206,70167575.89311175
sheep,310.3658054632227,0.2562613034248352,0.014590548737019296,0.3236325681209564,0.4241703193903241,28379705.19329723
shoe,198.96458680632287,0.11112459659576417,0.014907799273110617,0.13322502374649048,0.3667758954977715,25442562.126316488
shorts,182.2615165920213,0.07356330394744873,0.008928233535100805,0.09221720695495605,0.29968153618664317,35206579.389167555
shovel,151.75414899939432,0.06960922241210937,0.01354152704223288,0.07470154762268066,0.2589376567933465,25900922.55464373
sink,192.11181760203453,0.07850040674209595,0.010581112219826527,0.08601981401443481,0.2269660355814289,50299462.8892386
skateboard,169.27218717681092,0.058469114303588865,0.008534659678389697,0.06641852855682373,0.2854287912998447,22482180.715154722
skull,175.25329932063545,0.07210525274276733,0.008753172543191452,0.08672165870666504,0.24462307988995588,31258896.22202001
skyscraper,183.96853439797366,0.08618921279907227,0.012895483486391357,0.08917313814163208,0.19657997593916465,45135680.07674869
sleeping_bag,232.86714553381796,0.12975618362426758,0.018357400882824473,0.16599321365356445,0.3276043351390016,42181436.02471671
smiley_face,97.9943584489423,0.007180056571960449,0.0025851294802793716,0.0026976466178894043,0.23052885183563285,21093244.33946658
snail,343.9559117072601,0.3312297081947327,0.01700993185779085,0.40358737111091614,0.3592667924126755,55918524.17777665
snake,221.85679868768904,0.14332090854644775,0.01118348710999375,0.20204675197601318,0.2938657602003298,35363186.35053096
snorkel,240.4518121188973,0.1646569538116455,0.01401769124392928,0.18868499994277954,0.3097389887532094,25948168.998172875
snowflake,295.72593325693134,0.11154172897338867,0.008807316856427981,0.1042068600654602,0.31738966436423244,90349951.81295376
snowman,280.52291648416724,0.14169288396835328,0.008755807324041616,0.13099104166030884,0.20506449600268653,77172549.62890938
soccer_ball,120.17865353040028,0.0701032280921936,0.016309340539853365,0.09371501207351685,0.2707707164799929,14801778.044051874
sock,157.21627715676055,0.0625261640548706,0.007205305620857818,0.08121633529663086,0.3096572546499678,22520502.403050844
speedboat,195.94875043838758,0.11520731687545777,0.012093255267138815,0.1753230094909668,0.257164421823421,31216687.492990226
spider,165.693844305234,0.061450014114379885,0.008953709145454371,0.10458016395568848,0.31236238476519484,25775037.097410668
spoon,91.16406108558976,0.020048761367797853,0.004297342555114639,0.030966877937316895,0.22826356836772813,15630639.580409218
spreadsheet,146.2964644941844,0.06330420970916747,0.010576898061228843,0.09175682067871094,0.3048298903708444,16785981.809412383
square,156.4330779397013,0.012723135948181152,0.004118069720768225,0.009656548500061035,0.18285532838336127,46123491.47079535
squiggle,206.18001059309574,0.02715261936187744,0.004833167537995651,0.021133124828338623,0.26046814202978424,66075109.000495836
squirrel,253.81731239411715,0.1900104022026062,0.014273603311729836,0.31638434529304504,0.29738197583305614,38694789.23751279
stairs,182.07282677870634,0.07853836536407471,0.009219552414085022,0.08627843856811523,0.12352523232478126,46199261.516434655
star,381.810077343643,0.1929052996635437,0.011828196936759908,0.17890101671218872,0.27392009950269763,118762621.38572313
steak,271.21041179007045,0.14333019733428956,0.010525587943433024,0.14753419160842896,0.4052911614652207,33385361.541116547
stereo,152.86243811841558,0.037002153396606445,0.006508896336090591,0.04401212930679321,0.1438852738649764,50886478.499859154
stethoscope,94.72180591307482,0.036651823520660404,0.007768200945071828,0.044218599796295166,0.16595578542375847,16242243.703374473
stitches,269.48711159831225,0.10311089277267456,0.01231084316478844,0.0997578501701355,0.135047026787376,56172536.24032981
stop_sign,209.67229052054543,0.09940601110458375,0.00938177331402466,0.12845379114151,0.14622001546876673,58395641.41069287
stove,177.22662692240647,0.0827640700340271,0.011084904562179879,0.09235823154449463,0.30348727152238514,26076508.572292827
strawberry,200.82931652423923,0.1277902102470398,0.01527394481443012,0.1698511242866516,0.1964728479042003,36784621.979359925
streetlight,162.1577283865383,0.06053509950637817,0.007185365495307571,0.06414872407913208,0.18378125594202163,27259528.54533817
string_bean,280.038324327644,0.1615143299102783,0.01628117106894588,0.1513822078704834,0.36852559113508776,39569336.384940125
submarine,281.0560447211089,0.20894874334335328,0.021813567013577232,0.24404805898666382,0.28312016023564773,39152873.65609483
suitcase,144.56605083291987,0.039915761947631835,0.005819475078355244,0.04092186689376831,0.12614581678352926,32933718.185346782
sun,278.48027438803007,0.1354042911529541,0.00983320787635489,0.14468681812286377,0.21087261277799277,67648618.28021243
swan,244.90719704221777,0.18173087358474732,0.01376470097633796,0.2642492651939392,0.2063641939311946,60108820.00520283
sweater,185.25213340090886,0.08868356704711915,0.009480702232542937,0.10886818170547485,0.2860003054631864,27822155.820188753
swing_set,193.7301103289291,0.09293415784835815,0.01073405717440235,0.09882384538650513,0.3563062237771512,26452690.898739785
sword,138.87878952442554,0.02752877473831177,0.005250555457163717,0.027395665645599365,0.3807748934044963,16515646.163030898
syringe,120.03595272822682,0.05552733659744263,0.011315574736788986,0.09278261661529541,0.31830131481548585,14170294.52536813
t-shirt,170.0292565340435,0.0910058069229126,0.015293212428725483,0.12948298454284668,0.2965593975331755,29725025.088645402
table,123.30013067506138,0.030143942832946777,0.005433427907522671,0.03241807222366333,0.22857942740282963,22702396.8029889
teapot,125.58481029169768,0.06466241121292114,0.012434691587303776,0.11275994777679443,0.24232447465335244,17643965.866136733
teddy-bear,268.3141757390649,0.23750418901443482,0.01940263034749558,0.2752951979637146,0.3706736852438963,27174286.355038058
telephone,185.13862244471088,0.08717954635620118,0.011895987981682727,0.10492557287216187,0.3307027282056169,30388212.59688767
television,163.76555083132604,0.05279677152633667,0.008401878228539742,0.05584859848022461,0.2862147231518716,26975866.0301271
tennis_racquet,115.2887584929321,0.07123225212097167,0.017551839561190132,0.08397966623306274,0.23665472731420648,18186998.98033968
tent,213.226157737159,0.13233354091644287,0.016498346534466444,0.17248529195785522,0.354762761941779,27491195.911714967
tiger,226.91161998753827,0.1988833713531494,0.014050775045486146,0.4220370650291443,0.267370166532462,31997743.782910127
toaster,180.27753436371202,0.1083550500869751,0.01529831943861933,0.1183401346206665,0.3006006306260885,25101011.021223873
toe,266.8713757368919,0.10896320581436157,0.01024867142297844,0.11202657222747803,0.42546833868206074,40130240.56866889
toilet,228.57600341851213,0.17735231161117554,0.02021481459565956,0.19768309593200684,0.3393137138105264,25583956.983116847
tooth,322.8625366219004,0.1563555693626404,0.010426879433511208,0.14148783683776855,0.35612666615748073,64442855.67306534
toothbrush,165.59821299157488,0.04502160549163818,0.00503680772857523,0.050542473793029785,0.361128599268676,22059858.578508835
toothpaste,227.19201293332424,0.08852977991104126,0.008729798627455149,0.0940752625465393,0.41226171806258044,31860423.81188845
tornado,300.4512476287703,0.1983686900138855,0.010216674350950238,0.2265855073928833,0.33782114465301877,50548577.22204969
tractor,183.71149425949207,0.11673821449279785,0.01439318699749166,0.1831127405166626,0.2972980060009995,25739845.441664748
traffic_light,189.1329349124232,0.14712028503417968,0.039072923581996516,0.10879349708557129,0.2496290105205691,30358941.92858169
train,226.02147625004795,0.1365543460845947,0.015816948713571217,0.18711206316947937,0.38415859946963093,27999124.753929235
tree,287.79045622486854,0.14158544301986695,0.011549515512069767,0.13205218315124512,0.41936040821842563,38409588.696503036
triangle,128.84511421392807,0.012223768234252929,0.004135582104032058,0.008872747421264648,0.26062317033033916,25453219.16810041
trombone,115.38925240429208,0.057812342643737795,0.011918074414873683,0.08233892917633057,0.20703395354162102,20449902.08817432
truck,152.7064917454097,0.06889825105667115,0.010127229089922056,0.10458922386169434,0.34594137630411875,19205101.325175907
trumpet,162.65001776333114,0.09559605360031127,0.013550562282430293,0.16449660062789917,0.25954447853403284,29162101.167501353
umbrella,134.67447884833066,0.049038867950439456,0.009268870360021568,0.05728405714035034,0.25955905492446385,22743301.687059656
underwear,187.82807570969976,0.07484271049499512,0.010813813950122535,0.07685911655426025,0.1478331261712757,47392883.436508544
van,147.6520342564903,0.07895753622055053,0.009987582007890893,0.1372675895690918,0.21970979398676652,28271639.14060373
vase,150.55844418925125,0.03465351343154907,0.005881682548938337,0.03725177049636841,0.36149109757192943,19379752.85107524
violin,124.93777789588293,0.09592442274093628,0.016392958071928646,0.1305440068244934,0.22403406371832577,15745646.771479568
washing_machine,188.5745943362875,0.12802017688751222,0.015267517618165331,0.18368512392044067,0.22751198758283256,32587804.206680767
watermelon,219.93589652982863,0.10097470760345459,0.00971614442792281,0.10543769598007202,0.3479497338264688,21949012.692153968
waterslide,197.48925208404688,0.06650243759155273,0.0074396200436076705,0.06452852487564087,0.39630786072968643,23410667.951456103
whale,225.99073132236038,0.14920774221420288,0.012680853006924004,0.19854259490966797,0.2557849800879427,32033147.26374822
wheel,131.0658376451037,0.032428181171417235,0.006167356315534588,0.03923201560974121,0.3129571952321096,20411640.781043503
windmill,153.7607210327065,0.06154866218566894,0.00506020877333155,0.08164030313491821,0.2886027593962558,20264602.83457319
wine_bottle,116.21826741005657,0.023985579013824462,0.004737208135002397,0.03143244981765747,0.19327275493079496,24401098.744884405
wine_glass,144.57812815338883,0.07543607234954834,0.010615390026009582,0.1359168291091919,0.1843781610704246,31221726.52791454
wristwatch,74.5553474109068,0.018555150032043458,0.004259345947954335,0.03246504068374634,0.1923473412024348,12077622.12865843
yoga,232.2858004933748,0.1029975414276123,0.008138243740623571,0.11222243309020996,0.2945729711850382,44071460.06472068
zebra,152.85207910665343,0.12445408344268799,0.01664050459614128,0.2658618092536926,0.2434659371893709,16601018.347798297
zigzag,118.40250686634741,0.0065696191787719726,0.0025827480613770273,0.004720449447631836,0.19776138388274864,24503572.724515475
MEAN,214.41800536870394,0.10898929401065992,0.011336880284311549,0.13242148877917856,0.35827726446382957,30135784.98844192
